{"schemaVersion":"1.0","appDefinitionTemplate":{"id":"/providers/Microsoft.PowerApps/apps/","type":"Microsoft.PowerApps/apps","tags":{"primaryDeviceWidth":"1366","primaryDeviceHeight":"768","supportsPortrait":"true","supportsLandscape":"true","primaryFormFactor":"Tablet","showStatusBar":"false","publisherVersion":"3.25053.6","minimumRequiredApiVersion":"2.2.0","hasComponent":"false","hasUnlockedComponent":"false","isUnifiedRootApp":"false","sienaVersion":"20250605T124713Z-3.25053.6.0"},"properties":{"appVersion":"2025-06-05T12:47:13Z","lifeCycleId":"Published","createdByClientVersion":{"major":3,"minor":25053,"build":6,"revision":0,"majorRevision":0,"minorRevision":0},"minClientVersion":{"major":3,"minor":25053,"build":6,"revision":0,"majorRevision":0,"minorRevision":0},"backgroundColor":"RGBA(0,176,240,1)","backgroundImageUri":"/2556380722362218145/N13099bcf-007e-422b-8fa4-d5c3e3512246-logoSmallFile","displayName":"Maternity Leave Plan Generator","description":"","commitMessage":"","appUris":{"documentUri":{"value":"/2556380722362218145/N4e116147-5ef9-46c7-89f5-d6acb818296b-document.msapp"},"imageUris":[],"additionalUris":[{"isSolutionAware":false,"value":"/2556380722362218145/N205d168a-afb3-49ab-b389-02b0240d0d7d-identity.json"}]},"createdTime":"0001-01-01T00:00:00Z","lastModifiedTime":"0001-01-01T00:00:00Z","sharedGroupsCount":0,"sharedUsersCount":0,"connectionReferences":{},"databaseReferences":{},"almMode":"Environment","performanceOptimizationEnabled":true,"canConsumeAppPass":true,"enableModernRuntimeMode":false,"executionRestrictions":{"isTeamsOnly":false,"dataLossPreventionEvaluationResult":{"status":"Compliant","lastEvaluationDate":"2025-06-05T12:47:17.0456154Z","violations":[],"violationsByPolicy":[],"violationErrorMessage":"The app uses the following connectors: ."}}},"isAppComponentLibrary":false,"appType":"ClassicCanvasApp","appComponents":[]}}